-- MySQL dump 10.13  Distrib 5.7.19, for osx10.12 (x86_64)
--
-- Host: 127.0.0.1    Database: oneMovie
-- ------------------------------------------------------
-- Server version	5.7.19

/*!40101 SET @OLD_CHARACTER_SET_CLIENT=@@CHARACTER_SET_CLIENT */;
/*!40101 SET @OLD_CHARACTER_SET_RESULTS=@@CHARACTER_SET_RESULTS */;
/*!40101 SET @OLD_COLLATION_CONNECTION=@@COLLATION_CONNECTION */;
/*!40101 SET NAMES utf8 */;
/*!40103 SET @OLD_TIME_ZONE=@@TIME_ZONE */;
/*!40103 SET TIME_ZONE='+00:00' */;
/*!40014 SET @OLD_UNIQUE_CHECKS=@@UNIQUE_CHECKS, UNIQUE_CHECKS=0 */;
/*!40014 SET @OLD_FOREIGN_KEY_CHECKS=@@FOREIGN_KEY_CHECKS, FOREIGN_KEY_CHECKS=0 */;
/*!40101 SET @OLD_SQL_MODE=@@SQL_MODE, SQL_MODE='NO_AUTO_VALUE_ON_ZERO' */;
/*!40111 SET @OLD_SQL_NOTES=@@SQL_NOTES, SQL_NOTES=0 */;

--
-- Table structure for table `Movie`
--

DROP TABLE IF EXISTS `Movie`;
/*!40101 SET @saved_cs_client     = @@character_set_client */;
/*!40101 SET character_set_client = utf8 */;
CREATE TABLE `Movie` (
  `id` bigint(20) NOT NULL AUTO_INCREMENT,
  `name` varchar(255) NOT NULL,
  `grade` float DEFAULT NULL,
  `resourceLink` varchar(255) DEFAULT NULL,
  `releaseDate` datetime DEFAULT NULL,
  `director` varchar(255) DEFAULT NULL,
  `desc` varchar(255) DEFAULT NULL,
  `posterUrl` varchar(255) DEFAULT NULL,
  `createdAt` datetime NOT NULL,
  `updatedAt` datetime NOT NULL,
  PRIMARY KEY (`id`),
  UNIQUE KEY `movie_name` (`name`)
) ENGINE=InnoDB AUTO_INCREMENT=251 DEFAULT CHARSET=utf8mb4;
/*!40101 SET character_set_client = @saved_cs_client */;

--
-- Dumping data for table `Movie`
--

LOCK TABLES `Movie` WRITE;
/*!40000 ALTER TABLE `Movie` DISABLE KEYS */;
INSERT INTO `Movie` VALUES (1,'让子弹飞',8.7,'https://movie.douban.com/subject/3742360/',NULL,NULL,NULL,'https://img1.doubanio.com/view/photo/s_ratio_poster/public/p1512562287.jpg','2018-02-10 19:16:11','2018-02-10 19:16:11'),(2,'春光乍泄 / 春光乍洩',8.8,'https://movie.douban.com/subject/1292679/',NULL,NULL,NULL,'https://img3.doubanio.com/view/photo/s_ratio_poster/public/p465939041.jpg','2018-02-10 19:16:11','2018-02-10 19:16:11'),(3,'大闹天宫',9.2,'https://movie.douban.com/subject/1418019/',NULL,NULL,NULL,'https://img1.doubanio.com/view/photo/s_ratio_poster/public/p2184505167.jpg','2018-02-10 19:16:11','2018-02-10 19:16:11'),(4,'心灵捕手 / Good Will Hunting',8.8,'https://movie.douban.com/subject/1292656/',NULL,NULL,NULL,'https://img3.doubanio.com/view/photo/s_ratio_poster/public/p480965695.jpg','2018-02-10 19:16:11','2018-02-10 19:16:11'),(5,'摔跤吧！爸爸 / Dangal',9.1,'https://movie.douban.com/subject/26387939/',NULL,NULL,NULL,'https://img3.doubanio.com/view/photo/s_ratio_poster/public/p2457983084.jpg','2018-02-10 19:16:11','2018-02-10 19:16:11'),(6,'看不见的客人 / Contratiempo',8.8,'https://movie.douban.com/subject/26580232/',NULL,NULL,NULL,'https://img3.doubanio.com/view/photo/s_ratio_poster/public/p2498971355.jpg','2018-02-10 19:16:11','2018-02-10 19:16:11'),(7,'幽灵公主 / もののけ姫',8.8,'https://movie.douban.com/subject/1297359/',NULL,NULL,NULL,'https://img3.doubanio.com/view/photo/s_ratio_poster/public/p1613191025.jpg','2018-02-10 19:16:11','2018-02-10 19:16:11'),(8,'阳光灿烂的日子',8.7,'https://movie.douban.com/subject/1291875/',NULL,NULL,NULL,'https://img1.doubanio.com/view/photo/s_ratio_poster/public/p967457079.jpg','2018-02-10 19:16:11','2018-02-10 19:16:11'),(9,'第六感 / The Sixth Sense',8.8,'https://movie.douban.com/subject/1297630/',NULL,NULL,NULL,'https://img3.doubanio.com/view/photo/s_ratio_poster/public/p2220184425.jpg','2018-02-10 19:16:11','2018-02-10 19:16:11'),(10,'重庆森林 / 重慶森林',8.7,'https://movie.douban.com/subject/1291999/',NULL,NULL,NULL,'https://img3.doubanio.com/view/photo/s_ratio_poster/public/p792381411.jpg','2018-02-10 19:16:11','2018-02-10 19:16:11'),(11,'末代皇帝 / The Last Emperor',8.9,'https://movie.douban.com/subject/1293172/',NULL,NULL,NULL,'https://img3.doubanio.com/view/photo/s_ratio_poster/public/p452088641.jpg','2018-02-10 19:16:11','2018-02-10 19:16:11'),(12,'大鱼 / Big Fish',8.7,'https://movie.douban.com/subject/1291545/',NULL,NULL,NULL,'https://img3.doubanio.com/view/photo/s_ratio_poster/public/p692813374.jpg','2018-02-10 19:16:11','2018-02-10 19:16:11'),(13,'禁闭岛 / Shutter Island',8.6,'https://movie.douban.com/subject/2334904/',NULL,NULL,NULL,'https://img1.doubanio.com/view/photo/s_ratio_poster/public/p1832875827.jpg','2018-02-10 19:16:11','2018-02-10 19:16:11'),(14,'射雕英雄传之东成西就 / 射鵰英雄傳之東成西就',8.7,'https://movie.douban.com/subject/1316510/',NULL,NULL,NULL,'https://img3.doubanio.com/view/photo/s_ratio_poster/public/p1993903133.jpg','2018-02-10 19:16:11','2018-02-10 19:16:11'),(15,'狩猎 / Jagten',9,'https://movie.douban.com/subject/6985810/',NULL,NULL,NULL,'https://img1.doubanio.com/view/photo/s_ratio_poster/public/p1546987967.jpg','2018-02-10 19:16:11','2018-02-10 19:16:11'),(16,'甜蜜蜜',8.8,'https://movie.douban.com/subject/1305164/',NULL,NULL,NULL,'https://img3.doubanio.com/view/photo/s_ratio_poster/public/p2223011274.jpg','2018-02-10 19:16:11','2018-02-10 19:16:11'),(17,'布达佩斯大饭店 / The Grand Budapest Hotel',8.8,'https://movie.douban.com/subject/11525673/',NULL,NULL,NULL,'https://img3.doubanio.com/view/photo/s_ratio_poster/public/p2178872593.jpg','2018-02-10 19:16:11','2018-02-10 19:16:11'),(18,'一一',8.9,'https://movie.douban.com/subject/1292434/',NULL,NULL,NULL,'https://img1.doubanio.com/view/photo/s_ratio_poster/public/p2119675128.jpg','2018-02-10 19:16:11','2018-02-10 19:16:11'),(19,'致命ID / Identity',8.6,'https://movie.douban.com/subject/1297192/',NULL,NULL,NULL,'https://img3.doubanio.com/view/photo/s_ratio_poster/public/p453720880.jpg','2018-02-10 19:16:11','2018-02-10 19:16:11'),(20,'阳光姐妹淘 / 써니',8.8,'https://movie.douban.com/subject/4917726/',NULL,NULL,NULL,'https://img1.doubanio.com/view/photo/s_ratio_poster/public/p1374786017.jpg','2018-02-10 19:16:11','2018-02-10 19:16:11'),(21,'告白',8.7,'https://movie.douban.com/subject/4268598/',NULL,NULL,NULL,'https://img3.doubanio.com/view/photo/s_ratio_poster/public/p689520756.jpg','2018-02-10 19:16:11','2018-02-10 19:16:11'),(22,'哈利·波特与魔法石 / Harry Potter and the Sorcerer\'s Stone',8.7,'https://movie.douban.com/subject/1295038/',NULL,NULL,NULL,'https://img3.doubanio.com/view/photo/s_ratio_poster/public/p804947166.jpg','2018-02-10 19:16:11','2018-02-10 19:16:11'),(23,'上帝之城 / Cidade de Deus',8.9,'https://movie.douban.com/subject/1292208/',NULL,NULL,NULL,'https://img3.doubanio.com/view/photo/s_ratio_poster/public/p455677490.jpg','2018-02-10 19:16:11','2018-02-10 19:16:11'),(24,'断背山 / Brokeback Mountain',8.6,'https://movie.douban.com/subject/1418834/',NULL,NULL,NULL,'https://img1.doubanio.com/view/photo/s_ratio_poster/public/p513535588.jpg','2018-02-10 19:16:11','2018-02-10 19:16:11'),(25,'加勒比海盗 / Pirates of the Caribbean: The Curse of the Black Pearl',8.6,'https://movie.douban.com/subject/1298070/',NULL,NULL,NULL,'https://img3.doubanio.com/view/photo/s_ratio_poster/public/p1596085504.jpg','2018-02-10 19:16:11','2018-02-10 19:16:11'),(26,'这个男人来自地球 / The Man from Earth',8.5,'https://movie.douban.com/subject/2300586/',NULL,NULL,NULL,'https://img3.doubanio.com/view/photo/s_ratio_poster/public/p513303986.jpg','2018-02-10 19:16:11','2018-02-10 19:16:11'),(27,'头脑特工队 / Inside Out',8.7,'https://movie.douban.com/subject/10533913/',NULL,NULL,NULL,'https://img3.doubanio.com/view/photo/s_ratio_poster/public/p2266293606.jpg','2018-02-10 19:16:11','2018-02-10 19:16:11'),(28,'源代码 / Source Code',8.3,'https://movie.douban.com/subject/3075287/',NULL,NULL,NULL,'https://img3.doubanio.com/view/photo/s_ratio_poster/public/p988260245.jpg','2018-02-10 19:16:11','2018-02-10 19:16:11'),(29,'卡萨布兰卡 / Casablanca',8.6,'https://movie.douban.com/subject/1296753/',NULL,NULL,NULL,'https://img3.doubanio.com/view/photo/s_ratio_poster/public/p1244791866.jpg','2018-02-10 19:16:11','2018-02-10 19:16:11'),(30,'新龙门客栈 / 新龍門客棧',8.5,'https://movie.douban.com/subject/1292287/',NULL,NULL,NULL,'https://img1.doubanio.com/view/photo/s_ratio_poster/public/p1421018669.jpg','2018-02-10 19:16:11','2018-02-10 19:16:11'),(31,'荒野生存 / Into the Wild',8.6,'https://movie.douban.com/subject/1905462/',NULL,NULL,NULL,'https://img1.doubanio.com/view/photo/s_ratio_poster/public/p465687407.jpg','2018-02-10 19:16:11','2018-02-10 19:16:11'),(32,'迁徙的鸟 / Le peuple migrateur',9.1,'https://movie.douban.com/subject/1292281/',NULL,NULL,NULL,'https://img1.doubanio.com/view/photo/s_ratio_poster/public/p2238274168.jpg','2018-02-10 19:16:11','2018-02-10 19:16:11'),(33,'黑客帝国3：矩阵革命 / The Matrix Revolutions',8.5,'https://movie.douban.com/subject/1302467/',NULL,NULL,NULL,'https://img1.doubanio.com/view/photo/s_ratio_poster/public/p443461818.jpg','2018-02-10 19:16:11','2018-02-10 19:16:11'),(34,'房间 / Room',8.8,'https://movie.douban.com/subject/25724855/',NULL,NULL,NULL,'https://img3.doubanio.com/view/photo/s_ratio_poster/public/p2259715855.jpg','2018-02-10 19:16:11','2018-02-10 19:16:11'),(35,'变脸 / Face/Off',8.4,'https://movie.douban.com/subject/1292659/',NULL,NULL,NULL,'https://img3.doubanio.com/view/photo/s_ratio_poster/public/p2173855883.jpg','2018-02-10 19:16:11','2018-02-10 19:16:11'),(36,'城市之光 / City Lights',9.2,'https://movie.douban.com/subject/1293908/',NULL,NULL,NULL,'https://img3.doubanio.com/view/photo/s_ratio_poster/public/p2099815842.jpg','2018-02-10 19:16:11','2018-02-10 19:16:11'),(37,'模仿游戏 / The Imitation Game',8.5,'https://movie.douban.com/subject/10463953/',NULL,NULL,NULL,'https://img3.doubanio.com/view/photo/s_ratio_poster/public/p2255040492.jpg','2018-02-10 19:16:11','2018-02-10 19:16:11'),(38,'E.T. 外星人 / E.T.: The Extra-Terrestrial',8.5,'https://movie.douban.com/subject/1294638/',NULL,NULL,NULL,'https://img3.doubanio.com/view/photo/s_ratio_poster/public/p984732992.jpg','2018-02-10 19:16:11','2018-02-10 19:16:11'),(39,'美国丽人 / American Beauty',8.4,'https://movie.douban.com/subject/1292062/',NULL,NULL,NULL,'https://img3.doubanio.com/view/photo/s_ratio_poster/public/p571671715.jpg','2018-02-10 19:16:11','2018-02-10 19:16:11'),(40,'发条橙 / A Clockwork Orange',8.4,'https://movie.douban.com/subject/1292233/',NULL,NULL,NULL,'https://img3.doubanio.com/view/photo/s_ratio_poster/public/p529908155.jpg','2018-02-10 19:16:11','2018-02-10 19:16:11'),(41,'黄金三镖客 / Il buono, il brutto, il cattivo.',9.1,'https://movie.douban.com/subject/1401118/',NULL,NULL,NULL,'https://img1.doubanio.com/view/photo/s_ratio_poster/public/p2101693489.jpg','2018-02-10 19:16:11','2018-02-10 19:16:11'),(42,'燕尾蝶 / スワロウテイル',8.6,'https://movie.douban.com/subject/1307793/',NULL,NULL,NULL,'https://img3.doubanio.com/view/photo/s_ratio_poster/public/p532195562.jpg','2018-02-10 19:16:11','2018-02-10 19:16:11'),(43,'英国病人 / The English Patient',8.4,'https://movie.douban.com/subject/1291853/',NULL,NULL,NULL,'https://img3.doubanio.com/view/photo/s_ratio_poster/public/p2408623752.jpg','2018-02-10 19:16:11','2018-02-10 19:16:11'),(44,'无耻混蛋 / Inglourious Basterds',8.4,'https://movie.douban.com/subject/1438652/',NULL,NULL,NULL,'https://img3.doubanio.com/view/photo/s_ratio_poster/public/p770734475.jpg','2018-02-10 19:16:11','2018-02-10 19:16:11'),(45,'初恋这件小事 / สิ่งเล็กเล็กที่เรียกว่า...รัก',8.3,'https://movie.douban.com/subject/4739952/',NULL,NULL,NULL,'https://img3.doubanio.com/view/photo/s_ratio_poster/public/p1505312273.jpg','2018-02-10 19:16:11','2018-02-10 19:16:11'),(46,'叫我第一名 / Front of the Class',8.6,'https://movie.douban.com/subject/4798888/',NULL,NULL,NULL,'https://img3.doubanio.com/view/photo/s_ratio_poster/public/p496133870.jpg','2018-02-10 19:16:11','2018-02-10 19:16:11'),(47,'非常嫌疑犯 / The Usual Suspects',8.6,'https://movie.douban.com/subject/1292214/',NULL,NULL,NULL,'https://img3.doubanio.com/view/photo/s_ratio_poster/public/p470383576.jpg','2018-02-10 19:16:11','2018-02-10 19:16:11'),(48,'穆赫兰道 / Mulholland Dr.',8.3,'https://movie.douban.com/subject/1292217/',NULL,NULL,NULL,'https://img3.doubanio.com/view/photo/s_ratio_poster/public/p792248233.jpg','2018-02-10 19:16:11','2018-02-10 19:16:11'),(49,'爱在午夜降临前 / Before Midnight',8.8,'https://movie.douban.com/subject/10808442/',NULL,NULL,NULL,'https://img1.doubanio.com/view/photo/s_ratio_poster/public/p2074715729.jpg','2018-02-10 19:16:11','2018-02-10 19:16:11'),(50,'勇士 / Warrior',8.9,'https://movie.douban.com/subject/3217169/',NULL,NULL,NULL,'https://img3.doubanio.com/view/photo/s_ratio_poster/public/p1145536386.jpg','2018-02-10 19:16:11','2018-02-10 19:16:11'),(51,'怦然心动 / Flipped',8.9,'https://movie.douban.com/subject/3319755/',NULL,NULL,NULL,'https://img3.doubanio.com/view/photo/s_ratio_poster/public/p663036666.jpg','2018-02-10 19:16:11','2018-02-10 19:16:11'),(52,'十二怒汉 / 12 Angry Men',9.4,'https://movie.douban.com/subject/1293182/',NULL,NULL,NULL,'https://img3.doubanio.com/view/photo/s_ratio_poster/public/p2173577632.jpg','2018-02-10 19:16:11','2018-02-10 19:16:11'),(53,'搏击俱乐部 / Fight Club',9,'https://movie.douban.com/subject/1292000/',NULL,NULL,NULL,'https://img1.doubanio.com/view/photo/s_ratio_poster/public/p1910926158.jpg','2018-02-10 19:16:11','2018-02-10 19:16:11'),(54,'少年派的奇幻漂流 / Life of Pi',9,'https://movie.douban.com/subject/1929463/',NULL,NULL,NULL,'https://img3.doubanio.com/view/photo/s_ratio_poster/public/p1784592701.jpg','2018-02-10 19:16:11','2018-02-10 19:16:11'),(55,'指环王3：王者无敌 / The Lord of the Rings: The Return of the King',9.1,'https://movie.douban.com/subject/1291552/',NULL,NULL,NULL,'https://img3.doubanio.com/view/photo/s_ratio_poster/public/p1910825503.jpg','2018-02-10 19:16:11','2018-02-10 19:16:11'),(56,'鬼子来了',9.2,'https://movie.douban.com/subject/1291858/',NULL,NULL,NULL,'https://img3.doubanio.com/view/photo/s_ratio_poster/public/p1181775734.jpg','2018-02-10 19:16:11','2018-02-10 19:16:11'),(57,'蝙蝠侠：黑暗骑士 / The Dark Knight',9,'https://movie.douban.com/subject/1851857/',NULL,NULL,NULL,'https://img3.doubanio.com/view/photo/s_ratio_poster/public/p462657443.jpg','2018-02-10 19:16:11','2018-02-10 19:16:11'),(58,'活着',9.1,'https://movie.douban.com/subject/1292365/',NULL,NULL,NULL,'https://img3.doubanio.com/view/photo/s_ratio_poster/public/p2173575484.jpg','2018-02-10 19:16:11','2018-02-10 19:16:11'),(59,'天空之城 / 天空の城ラピュタ',9,'https://movie.douban.com/subject/1291583/',NULL,NULL,NULL,'https://img1.doubanio.com/view/photo/s_ratio_poster/public/p1446261379.jpg','2018-02-10 19:16:11','2018-02-10 19:16:11'),(60,'罗马假日 / Roman Holiday',8.9,'https://movie.douban.com/subject/1293839/',NULL,NULL,NULL,'https://img3.doubanio.com/view/photo/s_ratio_poster/public/p2189265085.jpg','2018-02-10 19:16:11','2018-02-10 19:16:11'),(61,'大话西游之月光宝盒 / 西遊記第壹佰零壹回之月光寶盒',8.9,'https://movie.douban.com/subject/1299398/',NULL,NULL,NULL,'https://img3.doubanio.com/view/photo/s_ratio_poster/public/p1280323646.jpg','2018-02-10 19:16:11','2018-02-10 19:16:11'),(62,'飞屋环游记 / Up',8.9,'https://movie.douban.com/subject/2129039/',NULL,NULL,NULL,'https://img3.doubanio.com/view/photo/s_ratio_poster/public/p485887754.jpg','2018-02-10 19:16:11','2018-02-10 19:16:11'),(63,'两杆大烟枪 / Lock, Stock and Two Smoking Barrels',9.1,'https://movie.douban.com/subject/1293350/',NULL,NULL,NULL,'https://img1.doubanio.com/view/photo/s_ratio_poster/public/p792443418.jpg','2018-02-10 19:16:11','2018-02-10 19:16:11'),(64,'窃听风暴 / Das Leben der Anderen',9.1,'https://movie.douban.com/subject/1900841/',NULL,NULL,NULL,'https://img1.doubanio.com/view/photo/s_ratio_poster/public/p1808872109.jpg','2018-02-10 19:16:11','2018-02-10 19:16:11'),(65,'飞越疯人院 / One Flew Over the Cuckoo\'s Nest',9,'https://movie.douban.com/subject/1292224/',NULL,NULL,NULL,'https://img1.doubanio.com/view/photo/s_ratio_poster/public/p792238287.jpg','2018-02-10 19:16:11','2018-02-10 19:16:11'),(66,'疯狂动物城 / Zootopia',9.2,'https://movie.douban.com/subject/25662329/',NULL,NULL,NULL,'https://img1.doubanio.com/view/photo/s_ratio_poster/public/p2315672647.jpg','2018-02-10 19:16:11','2018-02-10 19:16:11'),(67,'控方证人 / Witness for the Prosecution',9.6,'https://movie.douban.com/subject/1296141/',NULL,NULL,NULL,'https://img1.doubanio.com/view/photo/s_ratio_poster/public/p1505392928.jpg','2018-02-10 19:16:11','2018-02-10 19:16:11'),(68,'闻香识女人 / Scent of a Woman',8.9,'https://movie.douban.com/subject/1298624/',NULL,NULL,NULL,'https://img1.doubanio.com/view/photo/s_ratio_poster/public/p925123037.jpg','2018-02-10 19:16:11','2018-02-10 19:16:11'),(69,'海豚湾 / The Cove',9.3,'https://movie.douban.com/subject/3442220/',NULL,NULL,NULL,'https://img3.doubanio.com/view/photo/s_ratio_poster/public/p455222172.jpg','2018-02-10 19:16:11','2018-02-10 19:16:11'),(70,'哈尔的移动城堡 / ハウルの動く城',8.9,'https://movie.douban.com/subject/1308807/',NULL,NULL,NULL,'https://img3.doubanio.com/view/photo/s_ratio_poster/public/p2174346180.jpg','2018-02-10 19:16:11','2018-02-10 19:16:11'),(71,'V字仇杀队 / V for Vendetta',8.8,'https://movie.douban.com/subject/1309046/',NULL,NULL,NULL,'https://img3.doubanio.com/view/photo/s_ratio_poster/public/p1465235231.jpg','2018-02-10 19:16:11','2018-02-10 19:16:11'),(72,'教父2 / The Godfather: Part Ⅱ',9.1,'https://movie.douban.com/subject/1299131/',NULL,NULL,NULL,'https://img1.doubanio.com/view/photo/s_ratio_poster/public/p2194138787.jpg','2018-02-10 19:16:11','2018-02-10 19:16:11'),(73,'辩护人 / 변호인',9.1,'https://movie.douban.com/subject/21937445/',NULL,NULL,NULL,'https://img3.doubanio.com/view/photo/s_ratio_poster/public/p2158166535.jpg','2018-02-10 19:16:11','2018-02-10 19:16:11'),(74,'死亡诗社 / Dead Poets Society',8.9,'https://movie.douban.com/subject/1291548/',NULL,NULL,NULL,'https://img3.doubanio.com/view/photo/s_ratio_poster/public/p1910824340.jpg','2018-02-10 19:16:11','2018-02-10 19:16:11'),(75,'美丽心灵 / A Beautiful Mind',8.9,'https://movie.douban.com/subject/1306029/',NULL,NULL,NULL,'https://img3.doubanio.com/view/photo/s_ratio_poster/public/p1665997400.jpg','2018-02-10 19:16:11','2018-02-10 19:16:11'),(76,'萤火之森 / 蛍火の杜へ',8.7,'https://movie.douban.com/subject/5989818/',NULL,NULL,NULL,'https://img1.doubanio.com/view/photo/s_ratio_poster/public/p1272904657.jpg','2018-02-10 19:16:11','2018-02-10 19:16:11'),(77,'海边的曼彻斯特 / Manchester by the Sea',8.6,'https://movie.douban.com/subject/25980443/',NULL,NULL,NULL,'https://img1.doubanio.com/view/photo/s_ratio_poster/public/p2496940327.jpg','2018-02-10 19:16:11','2018-02-10 19:16:11'),(78,'哈利·波特与死亡圣器(下) / Harry Potter and the Deathly Hallows: Part 2',8.6,'https://movie.douban.com/subject/3011235/',NULL,NULL,NULL,'https://img3.doubanio.com/view/photo/s_ratio_poster/public/p917846733.jpg','2018-02-10 19:16:11','2018-02-10 19:16:11'),(79,'玩具总动员3 / Toy Story 3',8.8,'https://movie.douban.com/subject/1858711/',NULL,NULL,NULL,'https://img1.doubanio.com/view/photo/s_ratio_poster/public/p1283675359.jpg','2018-02-10 19:16:11','2018-02-10 19:16:11'),(80,'花样年华 / 花樣年華',8.5,'https://movie.douban.com/subject/1291557/',NULL,NULL,NULL,'https://img3.doubanio.com/view/photo/s_ratio_poster/public/p1910828286.jpg','2018-02-10 19:16:11','2018-02-10 19:16:11'),(81,'荒蛮故事 / Relatos salvajes',8.8,'https://movie.douban.com/subject/24750126/',NULL,NULL,NULL,'https://img3.doubanio.com/view/photo/s_ratio_poster/public/p2192834364.jpg','2018-02-10 19:16:11','2018-02-10 19:16:11'),(82,'小森林 冬春篇 / リトル・フォレスト 冬・春',8.9,'https://movie.douban.com/subject/25814707/',NULL,NULL,NULL,'https://img1.doubanio.com/view/photo/s_ratio_poster/public/p2215147728.jpg','2018-02-10 19:16:11','2018-02-10 19:16:11'),(83,'我是山姆 / I Am Sam',8.8,'https://movie.douban.com/subject/1306861/',NULL,NULL,NULL,'https://img3.doubanio.com/view/photo/s_ratio_poster/public/p652417775.jpg','2018-02-10 19:16:11','2018-02-10 19:16:11'),(84,'二十二',8.8,'https://movie.douban.com/subject/26430107/',NULL,NULL,NULL,'https://img1.doubanio.com/view/photo/s_ratio_poster/public/p2457609817.jpg','2018-02-10 19:16:11','2018-02-10 19:16:11'),(85,'人工智能 / Artificial Intelligence: AI',8.6,'https://movie.douban.com/subject/1302827/',NULL,NULL,NULL,'https://img1.doubanio.com/view/photo/s_ratio_poster/public/p792257137.jpg','2018-02-10 19:16:11','2018-02-10 19:16:11'),(86,'时空恋旅人 / About Time',8.6,'https://movie.douban.com/subject/10577869/',NULL,NULL,NULL,'https://img3.doubanio.com/view/photo/s_ratio_poster/public/p2070153774.jpg','2018-02-10 19:16:11','2018-02-10 19:16:11'),(87,'超能陆战队 / Big Hero 6',8.6,'https://movie.douban.com/subject/11026735/',NULL,NULL,NULL,'https://img1.doubanio.com/view/photo/s_ratio_poster/public/p2224568669.jpg','2018-02-10 19:16:11','2018-02-10 19:16:11'),(88,'唐伯虎点秋香 / 唐伯虎點秋香',8.4,'https://movie.douban.com/subject/1306249/',NULL,NULL,NULL,'https://img3.doubanio.com/view/photo/s_ratio_poster/public/p1946455272.jpg','2018-02-10 19:16:11','2018-02-10 19:16:11'),(89,'浪潮 / Die Welle',8.7,'https://movie.douban.com/subject/2297265/',NULL,NULL,NULL,'https://img3.doubanio.com/view/photo/s_ratio_poster/public/p1344888983.jpg','2018-02-10 19:16:11','2018-02-10 19:16:11'),(90,'冰川时代 / Ice Age',8.4,'https://movie.douban.com/subject/1291578/',NULL,NULL,NULL,'https://img1.doubanio.com/view/photo/s_ratio_poster/public/p1910895719.jpg','2018-02-10 19:16:11','2018-02-10 19:16:11'),(91,'香水 / Perfume: The Story of a Murderer',8.4,'https://movie.douban.com/subject/1760622/',NULL,NULL,NULL,'https://img1.doubanio.com/view/photo/s_ratio_poster/public/p470006658.jpg','2018-02-10 19:16:11','2018-02-10 19:16:11'),(92,'蝙蝠侠：黑暗骑士崛起 / The Dark Knight Rises',8.6,'https://movie.douban.com/subject/3395373/',NULL,NULL,NULL,'https://img3.doubanio.com/view/photo/s_ratio_poster/public/p1706428744.jpg','2018-02-10 19:16:11','2018-02-10 19:16:11'),(93,'朗读者 / The Reader',8.5,'https://movie.douban.com/subject/2213597/',NULL,NULL,NULL,'https://img1.doubanio.com/view/photo/s_ratio_poster/public/p1140984198.jpg','2018-02-10 19:16:11','2018-02-10 19:16:11'),(94,'心迷宫',8.6,'https://movie.douban.com/subject/25917973/',NULL,NULL,NULL,'https://img3.doubanio.com/view/photo/s_ratio_poster/public/p2275298525.jpg','2018-02-10 19:16:11','2018-02-10 19:16:11'),(95,'追随 / Following',8.9,'https://movie.douban.com/subject/1397546/',NULL,NULL,NULL,'https://img1.doubanio.com/view/photo/s_ratio_poster/public/p1150103377.jpg','2018-02-10 19:16:11','2018-02-10 19:16:11'),(96,'罗生门 / 羅生門',8.7,'https://movie.douban.com/subject/1291879/',NULL,NULL,NULL,'https://img1.doubanio.com/view/photo/s_ratio_poster/public/p1864872647.jpg','2018-02-10 19:16:11','2018-02-10 19:16:11'),(97,'撞车 / Crash',8.6,'https://movie.douban.com/subject/1388216/',NULL,NULL,NULL,'https://img3.doubanio.com/view/photo/s_ratio_poster/public/p2075132390.jpg','2018-02-10 19:16:11','2018-02-10 19:16:11'),(98,'一次别离 / جدایی نادر از سیمین',8.7,'https://movie.douban.com/subject/5964718/',NULL,NULL,NULL,'https://img3.doubanio.com/view/photo/s_ratio_poster/public/p2189835254.jpg','2018-02-10 19:16:11','2018-02-10 19:16:11'),(99,'可可西里',8.7,'https://movie.douban.com/subject/1308857/',NULL,NULL,NULL,'https://img3.doubanio.com/view/photo/s_ratio_poster/public/p2363208684.jpg','2018-02-10 19:16:11','2018-02-10 19:16:11'),(100,'未麻的部屋 / Perfect Blue',8.8,'https://movie.douban.com/subject/1395091/',NULL,NULL,NULL,'https://img3.doubanio.com/view/photo/s_ratio_poster/public/p1351050722.jpg','2018-02-10 19:16:11','2018-02-10 19:16:11'),(101,'一个叫欧维的男人决定去死 / En man som heter Ove',8.7,'https://movie.douban.com/subject/26628357/',NULL,NULL,NULL,'https://img3.doubanio.com/view/photo/s_ratio_poster/public/p2406624993.jpg','2018-02-10 19:16:11','2018-02-10 19:16:11'),(102,'上帝也疯狂 / The Gods Must Be Crazy',8.6,'https://movie.douban.com/subject/1297478/',NULL,NULL,NULL,'https://img1.doubanio.com/view/photo/s_ratio_poster/public/p2173719647.jpg','2018-02-10 19:16:11','2018-02-10 19:16:11'),(103,'无敌破坏王 / Wreck-It Ralph',8.6,'https://movie.douban.com/subject/6534248/',NULL,NULL,NULL,'https://img3.doubanio.com/view/photo/s_ratio_poster/public/p1735642656.jpg','2018-02-10 19:16:11','2018-02-10 19:16:11'),(104,'疯狂的石头',8.2,'https://movie.douban.com/subject/1862151/',NULL,NULL,NULL,'https://img3.doubanio.com/view/photo/s_ratio_poster/public/p712241453.jpg','2018-02-10 19:16:11','2018-02-10 19:16:11'),(105,'国王的演讲 / The King\'s Speech',8.3,'https://movie.douban.com/subject/4023638/',NULL,NULL,NULL,'https://img1.doubanio.com/view/photo/s_ratio_poster/public/p768879237.jpg','2018-02-10 19:16:11','2018-02-10 19:16:11'),(106,'血钻 / Blood Diamond',8.5,'https://movie.douban.com/subject/1428175/',NULL,NULL,NULL,'https://img3.doubanio.com/view/photo/s_ratio_poster/public/p1244017073.jpg','2018-02-10 19:16:11','2018-02-10 19:16:11'),(107,'你的名字。 / 君の名は。',8.4,'https://movie.douban.com/subject/26683290/',NULL,NULL,NULL,'https://img1.doubanio.com/view/photo/s_ratio_poster/public/p2395733377.jpg','2018-02-10 19:16:11','2018-02-10 19:16:11'),(108,'蓝色大门 / 藍色大門',8.3,'https://movie.douban.com/subject/1308575/',NULL,NULL,NULL,'https://img3.doubanio.com/view/photo/s_ratio_poster/public/p584822570.jpg','2018-02-10 19:16:11','2018-02-10 19:16:11'),(109,'无人知晓 / 誰も知らない',9,'https://movie.douban.com/subject/1292337/',NULL,NULL,NULL,'https://img3.doubanio.com/view/photo/s_ratio_poster/public/p661160053.jpg','2018-02-10 19:16:11','2018-02-10 19:16:11'),(110,'枪火 / 鎗火',8.6,'https://movie.douban.com/subject/1300741/',NULL,NULL,NULL,'https://img3.doubanio.com/view/photo/s_ratio_poster/public/p1538646661.jpg','2018-02-10 19:16:11','2018-02-10 19:16:11'),(111,'步履不停 / 歩いても 歩いても',8.8,'https://movie.douban.com/subject/2222996/',NULL,NULL,NULL,'https://img1.doubanio.com/view/photo/s_ratio_poster/public/p672446737.jpg','2018-02-10 19:16:11','2018-02-10 19:16:11'),(112,'大卫·戈尔的一生 / The Life of David Gale',8.6,'https://movie.douban.com/subject/1305725/',NULL,NULL,NULL,'https://img1.doubanio.com/view/photo/s_ratio_poster/public/p2186861098.jpg','2018-02-10 19:16:11','2018-02-10 19:16:11'),(113,'爱·回家 / 집으로...',9,'https://movie.douban.com/subject/1299361/',NULL,NULL,NULL,'https://img3.doubanio.com/view/photo/s_ratio_poster/public/p2107418134.jpg','2018-02-10 19:16:11','2018-02-10 19:16:11'),(114,'遗愿清单 / The Bucket List',8.5,'https://movie.douban.com/subject/1867345/',NULL,NULL,NULL,'https://img3.doubanio.com/view/photo/s_ratio_poster/public/p708613284.jpg','2018-02-10 19:16:11','2018-02-10 19:16:11'),(115,'彗星来的那一夜 / Coherence',8.4,'https://movie.douban.com/subject/25807345/',NULL,NULL,NULL,'https://img3.doubanio.com/view/photo/s_ratio_poster/public/p2187896711.jpg','2018-02-10 19:16:11','2018-02-10 19:16:11'),(116,'千钧一发 / Gattaca',8.7,'https://movie.douban.com/subject/1300117/',NULL,NULL,NULL,'https://img3.doubanio.com/view/photo/s_ratio_poster/public/p2195672555.jpg','2018-02-10 19:16:11','2018-02-10 19:16:11'),(117,'我爱你 / 그대를 사랑합니다',9,'https://movie.douban.com/subject/5908478/',NULL,NULL,NULL,'https://img1.doubanio.com/view/photo/s_ratio_poster/public/p1075591188.jpg','2018-02-10 19:16:11','2018-02-10 19:16:11'),(118,'荒岛余生 / Cast Away',8.5,'https://movie.douban.com/subject/1298653/',NULL,NULL,NULL,'https://img1.doubanio.com/view/photo/s_ratio_poster/public/p1341248319.jpg','2018-02-10 19:16:11','2018-02-10 19:16:11'),(119,'血战钢锯岭 / Hacksaw Ridge',8.7,'https://movie.douban.com/subject/26325320/',NULL,NULL,NULL,'https://img1.doubanio.com/view/photo/s_ratio_poster/public/p2397337958.jpg','2018-02-10 19:16:11','2018-02-10 19:16:11'),(120,'麦兜故事 / 麥兜故事',8.5,'https://movie.douban.com/subject/1302476/',NULL,NULL,NULL,'https://img3.doubanio.com/view/photo/s_ratio_poster/public/p804938713.jpg','2018-02-10 19:16:11','2018-02-10 19:16:11'),(121,'暖暖内含光 / Eternal Sunshine of the Spotless Mind',8.4,'https://movie.douban.com/subject/1308777/',NULL,NULL,NULL,'https://img3.doubanio.com/view/photo/s_ratio_poster/public/p479565065.jpg','2018-02-10 19:16:11','2018-02-10 19:16:11'),(122,'曾经 / Once',8.3,'https://movie.douban.com/subject/2053515/',NULL,NULL,NULL,'https://img3.doubanio.com/view/photo/s_ratio_poster/public/p2173720203.jpg','2018-02-10 19:16:11','2018-02-10 19:16:11'),(123,'月球 / Moon',8.5,'https://movie.douban.com/subject/3073124/',NULL,NULL,NULL,'https://img3.doubanio.com/view/photo/s_ratio_poster/public/p449399746.jpg','2018-02-10 19:16:11','2018-02-10 19:16:11'),(124,'蝴蝶 / Le Papillon',8.6,'https://movie.douban.com/subject/1292056/',NULL,NULL,NULL,'https://img3.doubanio.com/view/photo/s_ratio_poster/public/p1451436171.jpg','2018-02-10 19:16:11','2018-02-10 19:16:11'),(125,'巴黎淘气帮 / Le petit Nicolas',8.6,'https://movie.douban.com/subject/3157605/',NULL,NULL,NULL,'https://img1.doubanio.com/view/photo/s_ratio_poster/public/p465446537.jpg','2018-02-10 19:16:11','2018-02-10 19:16:11'),(126,'肖申克的救赎 / The Shawshank Redemption',9.6,'https://movie.douban.com/subject/1292052/',NULL,NULL,NULL,'https://img3.doubanio.com/view/photo/s_ratio_poster/public/p480747492.jpg','2018-02-10 19:16:11','2018-02-10 19:16:11'),(127,'霸王别姬',9.5,'https://movie.douban.com/subject/1291546/',NULL,NULL,NULL,'https://img3.doubanio.com/view/photo/s_ratio_poster/public/p1910813120.jpg','2018-02-10 19:16:11','2018-02-10 19:16:11'),(128,'这个杀手不太冷 / Léon',9.4,'https://movie.douban.com/subject/1295644/',NULL,NULL,NULL,'https://img3.doubanio.com/view/photo/s_ratio_poster/public/p511118051.jpg','2018-02-10 19:16:11','2018-02-10 19:16:11'),(129,'阿甘正传 / Forrest Gump',9.4,'https://movie.douban.com/subject/1292720/',NULL,NULL,NULL,'https://img1.doubanio.com/view/photo/s_ratio_poster/public/p510876377.jpg','2018-02-10 19:16:11','2018-02-10 19:16:11'),(130,'美丽人生 / La vita è bella',9.5,'https://movie.douban.com/subject/1292063/',NULL,NULL,NULL,'https://img3.doubanio.com/view/photo/s_ratio_poster/public/p510861873.jpg','2018-02-10 19:16:11','2018-02-10 19:16:11'),(131,'千与千寻 / 千と千尋の神隠し',9.2,'https://movie.douban.com/subject/1291561/',NULL,NULL,NULL,'https://img3.doubanio.com/view/photo/s_ratio_poster/public/p804941046.jpg','2018-02-10 19:16:11','2018-02-10 19:16:11'),(132,'泰坦尼克号 / Titanic',9.2,'https://movie.douban.com/subject/1292722/',NULL,NULL,NULL,'https://img3.doubanio.com/view/photo/s_ratio_poster/public/p457760035.jpg','2018-02-10 19:16:11','2018-02-10 19:16:11'),(133,'辛德勒的名单 / Schindler\'s List',9.4,'https://movie.douban.com/subject/1295124/',NULL,NULL,NULL,'https://img3.doubanio.com/view/photo/s_ratio_poster/public/p492406163.jpg','2018-02-10 19:16:11','2018-02-10 19:16:11'),(134,'盗梦空间 / Inception',9.3,'https://movie.douban.com/subject/3541415/',NULL,NULL,NULL,'https://img3.doubanio.com/view/photo/s_ratio_poster/public/p513344864.jpg','2018-02-10 19:16:11','2018-02-10 19:16:11'),(135,'机器人总动员 / WALL·E',9.3,'https://movie.douban.com/subject/2131459/',NULL,NULL,NULL,'https://img3.doubanio.com/view/photo/s_ratio_poster/public/p449665982.jpg','2018-02-10 19:16:11','2018-02-10 19:16:11'),(136,'海上钢琴师 / La leggenda del pianista sull\'oceano',9.2,'https://movie.douban.com/subject/1292001/',NULL,NULL,NULL,'https://img1.doubanio.com/view/photo/s_ratio_poster/public/p511146807.jpg','2018-02-10 19:16:11','2018-02-10 19:16:11'),(137,'三傻大闹宝莱坞 / 3 Idiots',9.2,'https://movie.douban.com/subject/3793023/',NULL,NULL,NULL,'https://img3.doubanio.com/view/photo/s_ratio_poster/public/p579729551.jpg','2018-02-10 19:16:11','2018-02-10 19:16:11'),(138,'忠犬八公的故事 / Hachi: A Dog\'s Tale',9.2,'https://movie.douban.com/subject/3011091/',NULL,NULL,NULL,'https://img3.doubanio.com/view/photo/s_ratio_poster/public/p524964016.jpg','2018-02-10 19:16:11','2018-02-10 19:16:11'),(139,'放牛班的春天 / Les choristes',9.2,'https://movie.douban.com/subject/1291549/',NULL,NULL,NULL,'https://img3.doubanio.com/view/photo/s_ratio_poster/public/p1910824951.jpg','2018-02-10 19:16:11','2018-02-10 19:16:11'),(140,'大话西游之大圣娶亲 / 西遊記大結局之仙履奇緣',9.2,'https://movie.douban.com/subject/1292213/',NULL,NULL,NULL,'https://img3.doubanio.com/view/photo/s_ratio_poster/public/p2455050536.jpg','2018-02-10 19:16:11','2018-02-10 19:16:11'),(141,'教父 / The Godfather',9.2,'https://movie.douban.com/subject/1291841/',NULL,NULL,NULL,'https://img3.doubanio.com/view/photo/s_ratio_poster/public/p2190556185.jpg','2018-02-10 19:16:11','2018-02-10 19:16:11'),(142,'龙猫 / となりのトトロ',9.1,'https://movie.douban.com/subject/1291560/',NULL,NULL,NULL,'https://img3.doubanio.com/view/photo/s_ratio_poster/public/p456668316.jpg','2018-02-10 19:16:11','2018-02-10 19:16:11'),(143,'楚门的世界 / The Truman Show',9.1,'https://movie.douban.com/subject/1292064/',NULL,NULL,NULL,'https://img3.doubanio.com/view/photo/s_ratio_poster/public/p479682972.jpg','2018-02-10 19:16:11','2018-02-10 19:16:11'),(144,'乱世佳人 / Gone with the Wind',9.2,'https://movie.douban.com/subject/1300267/',NULL,NULL,NULL,'https://img3.doubanio.com/view/photo/s_ratio_poster/public/p1963126880.jpg','2018-02-10 19:16:11','2018-02-10 19:16:11'),(145,'熔炉 / 도가니',9.2,'https://movie.douban.com/subject/5912992/',NULL,NULL,NULL,'https://img3.doubanio.com/view/photo/s_ratio_poster/public/p1363250216.jpg','2018-02-10 19:16:11','2018-02-10 19:16:11'),(146,'触不可及 / Intouchables',9.1,'https://movie.douban.com/subject/6786002/',NULL,NULL,NULL,'https://img3.doubanio.com/view/photo/s_ratio_poster/public/p1454261925.jpg','2018-02-10 19:16:11','2018-02-10 19:16:11'),(147,'天堂电影院 / Nuovo Cinema Paradiso',9.1,'https://movie.douban.com/subject/1291828/',NULL,NULL,NULL,'https://img3.doubanio.com/view/photo/s_ratio_poster/public/p1910901025.jpg','2018-02-10 19:16:11','2018-02-10 19:16:11'),(148,'当幸福来敲门 / The Pursuit of Happyness',8.9,'https://movie.douban.com/subject/1849031/',NULL,NULL,NULL,'https://img1.doubanio.com/view/photo/s_ratio_poster/public/p1312700628.jpg','2018-02-10 19:16:11','2018-02-10 19:16:11'),(149,'星际穿越 / Interstellar',9.2,'https://movie.douban.com/subject/1889243/',NULL,NULL,NULL,'https://img3.doubanio.com/view/photo/s_ratio_poster/public/p2206088801.jpg','2018-02-10 19:16:11','2018-02-10 19:16:11'),(150,'无间道 / 無間道',9,'https://movie.douban.com/subject/1307914/',NULL,NULL,NULL,'https://img3.doubanio.com/view/photo/s_ratio_poster/public/p2233971046.jpg','2018-02-10 19:16:11','2018-02-10 19:16:11'),(151,'指环王2：双塔奇兵 / The Lord of the Rings: The Two Towers',9,'https://movie.douban.com/subject/1291572/',NULL,NULL,NULL,'https://img3.doubanio.com/view/photo/s_ratio_poster/public/p909265336.jpg','2018-02-10 19:16:11','2018-02-10 19:16:11'),(152,'指环王1：魔戒再现 / The Lord of the Rings: The Fellowship of the Ring',8.9,'https://movie.douban.com/subject/1291571/',NULL,NULL,NULL,'https://img3.doubanio.com/view/photo/s_ratio_poster/public/p1354436051.jpg','2018-02-10 19:16:11','2018-02-10 19:16:11'),(153,'情书 / Love Letter',8.8,'https://movie.douban.com/subject/1292220/',NULL,NULL,NULL,'https://img1.doubanio.com/view/photo/s_ratio_poster/public/p449897379.jpg','2018-02-10 19:16:11','2018-02-10 19:16:11'),(154,'饮食男女 / 飲食男女',9.1,'https://movie.douban.com/subject/1291818/',NULL,NULL,NULL,'https://img3.doubanio.com/view/photo/s_ratio_poster/public/p1910899751.jpg','2018-02-10 19:16:11','2018-02-10 19:16:11'),(155,'美国往事 / Once Upon a Time in America',9.1,'https://movie.douban.com/subject/1292262/',NULL,NULL,NULL,'https://img1.doubanio.com/view/photo/s_ratio_poster/public/p477229647.jpg','2018-02-10 19:16:11','2018-02-10 19:16:11'),(156,'天使爱美丽 / Le fabuleux destin d\'Amélie Poulain',8.7,'https://movie.douban.com/subject/1292215/',NULL,NULL,NULL,'https://img3.doubanio.com/view/photo/s_ratio_poster/public/p803896904.jpg','2018-02-10 19:16:11','2018-02-10 19:16:11'),(157,'狮子王 / The Lion King',8.9,'https://movie.douban.com/subject/1301753/',NULL,NULL,NULL,'https://img1.doubanio.com/view/photo/s_ratio_poster/public/p726659067.jpg','2018-02-10 19:16:11','2018-02-10 19:16:11'),(158,'钢琴家 / The Pianist',9,'https://movie.douban.com/subject/1296736/',NULL,NULL,NULL,'https://img3.doubanio.com/view/photo/s_ratio_poster/public/p792484461.jpg','2018-02-10 19:16:11','2018-02-10 19:16:11'),(159,'七宗罪 / Se7en',8.7,'https://movie.douban.com/subject/1292223/',NULL,NULL,NULL,'https://img3.doubanio.com/view/photo/s_ratio_poster/public/p457631605.jpg','2018-02-10 19:16:11','2018-02-10 19:16:11'),(160,'被嫌弃的松子的一生 / 嫌われ松子の一生',8.9,'https://movie.douban.com/subject/1787291/',NULL,NULL,NULL,'https://img1.doubanio.com/view/photo/s_ratio_poster/public/p453723669.jpg','2018-02-10 19:16:11','2018-02-10 19:16:11'),(161,'小鞋子 / بچههای آسمان',9.2,'https://movie.douban.com/subject/1303021/',NULL,NULL,NULL,'https://img3.doubanio.com/view/photo/s_ratio_poster/public/p2173580603.jpg','2018-02-10 19:16:11','2018-02-10 19:16:11'),(162,'致命魔术 / The Prestige',8.8,'https://movie.douban.com/subject/1780330/',NULL,NULL,NULL,'https://img3.doubanio.com/view/photo/s_ratio_poster/public/p480383375.jpg','2018-02-10 19:16:11','2018-02-10 19:16:11'),(163,'素媛 / 소원',9.1,'https://movie.douban.com/subject/21937452/',NULL,NULL,NULL,'https://img3.doubanio.com/view/photo/s_ratio_poster/public/p2118532944.jpg','2018-02-10 19:16:12','2018-02-10 19:16:12'),(164,'勇敢的心 / Braveheart',8.8,'https://movie.douban.com/subject/1294639/',NULL,NULL,NULL,'https://img3.doubanio.com/view/photo/s_ratio_poster/public/p1374546770.jpg','2018-02-10 19:16:12','2018-02-10 19:16:12'),(165,'音乐之声 / The Sound of Music',8.9,'https://movie.douban.com/subject/1294408/',NULL,NULL,NULL,'https://img1.doubanio.com/view/photo/s_ratio_poster/public/p453788577.jpg','2018-02-10 19:16:12','2018-02-10 19:16:12'),(166,'剪刀手爱德华 / Edward Scissorhands',8.7,'https://movie.douban.com/subject/1292370/',NULL,NULL,NULL,'https://img1.doubanio.com/view/photo/s_ratio_poster/public/p480956937.jpg','2018-02-10 19:16:12','2018-02-10 19:16:12'),(167,'本杰明·巴顿奇事 / The Curious Case of Benjamin Button',8.7,'https://movie.douban.com/subject/1485260/',NULL,NULL,NULL,'https://img3.doubanio.com/view/photo/s_ratio_poster/public/p2192535722.jpg','2018-02-10 19:16:12','2018-02-10 19:16:12'),(168,'低俗小说 / Pulp Fiction',8.8,'https://movie.douban.com/subject/1291832/',NULL,NULL,NULL,'https://img3.doubanio.com/view/photo/s_ratio_poster/public/p1910902213.jpg','2018-02-10 19:16:12','2018-02-10 19:16:12'),(169,'西西里的美丽传说 / Malèna',8.7,'https://movie.douban.com/subject/1292402/',NULL,NULL,NULL,'https://img3.doubanio.com/view/photo/s_ratio_poster/public/p792400696.jpg','2018-02-10 19:16:12','2018-02-10 19:16:12'),(170,'黑客帝国 / The Matrix',8.8,'https://movie.douban.com/subject/1291843/',NULL,NULL,NULL,'https://img3.doubanio.com/view/photo/s_ratio_poster/public/p1910908765.jpg','2018-02-10 19:16:12','2018-02-10 19:16:12'),(171,'沉默的羔羊 / The Silence of the Lambs',8.7,'https://movie.douban.com/subject/1293544/',NULL,NULL,NULL,'https://img1.doubanio.com/view/photo/s_ratio_poster/public/p1593414327.jpg','2018-02-10 19:16:12','2018-02-10 19:16:12'),(172,'拯救大兵瑞恩 / Saving Private Ryan',8.9,'https://movie.douban.com/subject/1292849/',NULL,NULL,NULL,'https://img3.doubanio.com/view/photo/s_ratio_poster/public/p1014542496.jpg','2018-02-10 19:16:12','2018-02-10 19:16:12'),(173,'入殓师 / おくりびと',8.8,'https://movie.douban.com/subject/2149806/',NULL,NULL,NULL,'https://img1.doubanio.com/view/photo/s_ratio_poster/public/p594972928.jpg','2018-02-10 19:16:12','2018-02-10 19:16:12'),(174,'蝴蝶效应 / The Butterfly Effect',8.7,'https://movie.douban.com/subject/1292343/',NULL,NULL,NULL,'https://img1.doubanio.com/view/photo/s_ratio_poster/public/p2209066019.jpg','2018-02-10 19:16:12','2018-02-10 19:16:12'),(175,'玛丽和马克思 / Mary and Max',8.9,'https://movie.douban.com/subject/3072124/',NULL,NULL,NULL,'https://img1.doubanio.com/view/photo/s_ratio_poster/public/p1820615077.jpg','2018-02-10 19:16:12','2018-02-10 19:16:12'),(176,'小森林 夏秋篇 / リトル・フォレスト 夏・秋',8.9,'https://movie.douban.com/subject/25814705/',NULL,NULL,NULL,'https://img3.doubanio.com/view/photo/s_ratio_poster/public/p2221319641.jpg','2018-02-10 19:16:12','2018-02-10 19:16:12'),(177,'谍影重重3 / The Bourne Ultimatum',8.7,'https://movie.douban.com/subject/1578507/',NULL,NULL,NULL,'https://img1.doubanio.com/view/photo/s_ratio_poster/public/p792223507.jpg','2018-02-10 19:16:12','2018-02-10 19:16:12'),(178,'喜剧之王 / 喜劇之王',8.5,'https://movie.douban.com/subject/1302425/',NULL,NULL,NULL,'https://img3.doubanio.com/view/photo/s_ratio_poster/public/p1043597424.jpg','2018-02-10 19:16:12','2018-02-10 19:16:12'),(179,'贫民窟的百万富翁 / Slumdog Millionaire',8.5,'https://movie.douban.com/subject/2209573/',NULL,NULL,NULL,'https://img1.doubanio.com/view/photo/s_ratio_poster/public/p470476887.jpg','2018-02-10 19:16:12','2018-02-10 19:16:12'),(180,'雨人 / Rain Man',8.6,'https://movie.douban.com/subject/1291870/',NULL,NULL,NULL,'https://img3.doubanio.com/view/photo/s_ratio_poster/public/p942376281.jpg','2018-02-10 19:16:12','2018-02-10 19:16:12'),(181,'东邪西毒 / 東邪西毒',8.6,'https://movie.douban.com/subject/1292328/',NULL,NULL,NULL,'https://img3.doubanio.com/view/photo/s_ratio_poster/public/p1982176012.jpg','2018-02-10 19:16:12','2018-02-10 19:16:12'),(182,'记忆碎片 / Memento',8.5,'https://movie.douban.com/subject/1304447/',NULL,NULL,NULL,'https://img3.doubanio.com/view/photo/s_ratio_poster/public/p641688453.jpg','2018-02-10 19:16:12','2018-02-10 19:16:12'),(183,'喜宴',8.8,'https://movie.douban.com/subject/1303037/',NULL,NULL,NULL,'https://img3.doubanio.com/view/photo/s_ratio_poster/public/p2173713676.jpg','2018-02-10 19:16:12','2018-02-10 19:16:12'),(184,'怪兽电力公司 / Monsters, Inc.',8.6,'https://movie.douban.com/subject/1291579/',NULL,NULL,NULL,'https://img1.doubanio.com/view/photo/s_ratio_poster/public/p1805127697.jpg','2018-02-10 19:16:12','2018-02-10 19:16:12'),(185,'燃情岁月 / Legends of the Fall',8.7,'https://movie.douban.com/subject/1295865/',NULL,NULL,NULL,'https://img1.doubanio.com/view/photo/s_ratio_poster/public/p1023654037.jpg','2018-02-10 19:16:12','2018-02-10 19:16:12'),(186,'疯狂原始人 / The Croods',8.7,'https://movie.douban.com/subject/1907966/',NULL,NULL,NULL,'https://img1.doubanio.com/view/photo/s_ratio_poster/public/p1867084027.jpg','2018-02-10 19:16:12','2018-02-10 19:16:12'),(187,'虎口脱险 / La grande vadrouille',8.9,'https://movie.douban.com/subject/1296909/',NULL,NULL,NULL,'https://img3.doubanio.com/view/photo/s_ratio_poster/public/p2399597512.jpg','2018-02-10 19:16:12','2018-02-10 19:16:12'),(188,'黑天鹅 / Black Swan',8.5,'https://movie.douban.com/subject/1978709/',NULL,NULL,NULL,'https://img3.doubanio.com/view/photo/s_ratio_poster/public/p719282906.jpg','2018-02-10 19:16:12','2018-02-10 19:16:12'),(189,'卢旺达饭店 / Hotel Rwanda',8.8,'https://movie.douban.com/subject/1291822/',NULL,NULL,NULL,'https://img3.doubanio.com/view/photo/s_ratio_poster/public/p2159368352.jpg','2018-02-10 19:16:12','2018-02-10 19:16:12'),(190,'英雄本色',8.6,'https://movie.douban.com/subject/1297574/',NULL,NULL,NULL,'https://img1.doubanio.com/view/photo/s_ratio_poster/public/p2504997087.jpg','2018-02-10 19:16:12','2018-02-10 19:16:12'),(191,'恋恋笔记本 / The Notebook',8.5,'https://movie.douban.com/subject/1309163/',NULL,NULL,NULL,'https://img3.doubanio.com/view/photo/s_ratio_poster/public/p483604864.jpg','2018-02-10 19:16:12','2018-02-10 19:16:12'),(192,'猜火车 / Trainspotting',8.5,'https://movie.douban.com/subject/1292528/',NULL,NULL,NULL,'https://img1.doubanio.com/view/photo/s_ratio_poster/public/p513567548.jpg','2018-02-10 19:16:12','2018-02-10 19:16:12'),(193,'魂断蓝桥 / Waterloo Bridge',8.8,'https://movie.douban.com/subject/1293964/',NULL,NULL,NULL,'https://img1.doubanio.com/view/photo/s_ratio_poster/public/p2351134499.jpg','2018-02-10 19:16:12','2018-02-10 19:16:12'),(194,'傲慢与偏见 / Pride & Prejudice',8.4,'https://movie.douban.com/subject/1418200/',NULL,NULL,NULL,'https://img3.doubanio.com/view/photo/s_ratio_poster/public/p452005185.jpg','2018-02-10 19:16:12','2018-02-10 19:16:12'),(195,'穿越时空的少女 / 時をかける少女',8.6,'https://movie.douban.com/subject/1937946/',NULL,NULL,NULL,'https://img3.doubanio.com/view/photo/s_ratio_poster/public/p2079334286.jpg','2018-02-10 19:16:12','2018-02-10 19:16:12'),(196,'教父3 / The Godfather: Part III',8.8,'https://movie.douban.com/subject/1294240/',NULL,NULL,NULL,'https://img3.doubanio.com/view/photo/s_ratio_poster/public/p2169664351.jpg','2018-02-10 19:16:12','2018-02-10 19:16:12'),(197,'完美的世界 / A Perfect World',9,'https://movie.douban.com/subject/1300992/',NULL,NULL,NULL,'https://img3.doubanio.com/view/photo/s_ratio_poster/public/p792403691.jpg','2018-02-10 19:16:12','2018-02-10 19:16:12'),(198,'7号房的礼物 / 7번방의 선물',8.7,'https://movie.douban.com/subject/10777687/',NULL,NULL,NULL,'https://img3.doubanio.com/view/photo/s_ratio_poster/public/p1816276065.jpg','2018-02-10 19:16:12','2018-02-10 19:16:12'),(199,'雨中曲 / Singin\' in the Rain',8.9,'https://movie.douban.com/subject/1293460/',NULL,NULL,NULL,'https://img3.doubanio.com/view/photo/s_ratio_poster/public/p1612355875.jpg','2018-02-10 19:16:12','2018-02-10 19:16:12'),(200,'纵横四海 / 緃横四海',8.7,'https://movie.douban.com/subject/1295409/',NULL,NULL,NULL,'https://img3.doubanio.com/view/photo/s_ratio_poster/public/p2272146906.jpg','2018-02-10 19:16:12','2018-02-10 19:16:12'),(201,'爆裂鼓手 / Whiplash',8.6,'https://movie.douban.com/subject/25773932/',NULL,NULL,NULL,'https://img3.doubanio.com/view/photo/s_ratio_poster/public/p2220776342.jpg','2018-02-10 19:16:12','2018-02-10 19:16:12'),(202,'战争之王 / Lord of War',8.5,'https://movie.douban.com/subject/1419936/',NULL,NULL,NULL,'https://img3.doubanio.com/view/photo/s_ratio_poster/public/p453719066.jpg','2018-02-10 19:16:12','2018-02-10 19:16:12'),(203,'地球上的星星 / Taare Zameen Par',8.8,'https://movie.douban.com/subject/2363506/',NULL,NULL,NULL,'https://img3.doubanio.com/view/photo/s_ratio_poster/public/p1973489335.jpg','2018-02-10 19:16:12','2018-02-10 19:16:12'),(204,'梦之安魂曲 / Requiem for a Dream',8.7,'https://movie.douban.com/subject/1292270/',NULL,NULL,NULL,'https://img3.doubanio.com/view/photo/s_ratio_poster/public/p884936202.jpg','2018-02-10 19:16:12','2018-02-10 19:16:12'),(205,'恐怖游轮 / Triangle',8.3,'https://movie.douban.com/subject/3011051/',NULL,NULL,NULL,'https://img3.doubanio.com/view/photo/s_ratio_poster/public/p462470694.jpg','2018-02-10 19:16:12','2018-02-10 19:16:12'),(206,'达拉斯买家俱乐部 / Dallas Buyers Club',8.6,'https://movie.douban.com/subject/1793929/',NULL,NULL,NULL,'https://img1.doubanio.com/view/photo/s_ratio_poster/public/p2166160837.jpg','2018-02-10 19:16:12','2018-02-10 19:16:12'),(207,'碧海蓝天 / Le grand bleu',8.7,'https://movie.douban.com/subject/1300960/',NULL,NULL,NULL,'https://img3.doubanio.com/view/photo/s_ratio_poster/public/p455722535.jpg','2018-02-10 19:16:12','2018-02-10 19:16:12'),(208,'阿飞正传 / 阿飛正傳',8.5,'https://movie.douban.com/subject/1305690/',NULL,NULL,NULL,'https://img3.doubanio.com/view/photo/s_ratio_poster/public/p924558512.jpg','2018-02-10 19:16:12','2018-02-10 19:16:12'),(209,'牯岭街少年杀人事件 / 牯嶺街少年殺人事件',8.7,'https://movie.douban.com/subject/1292329/',NULL,NULL,NULL,'https://img3.doubanio.com/view/photo/s_ratio_poster/public/p848381236.jpg','2018-02-10 19:16:12','2018-02-10 19:16:12'),(210,'被解救的姜戈 / Django Unchained',8.5,'https://movie.douban.com/subject/6307447/',NULL,NULL,NULL,'https://img1.doubanio.com/view/photo/s_ratio_poster/public/p1959232369.jpg','2018-02-10 19:16:12','2018-02-10 19:16:12'),(211,'谍影重重2 / The Bourne Supremacy',8.5,'https://movie.douban.com/subject/1308767/',NULL,NULL,NULL,'https://img3.doubanio.com/view/photo/s_ratio_poster/public/p667644866.jpg','2018-02-10 19:16:12','2018-02-10 19:16:12'),(212,'谍影重重 / The Bourne Identity',8.5,'https://movie.douban.com/subject/1304102/',NULL,NULL,NULL,'https://img3.doubanio.com/view/photo/s_ratio_poster/public/p1597183981.jpg','2018-02-10 19:16:12','2018-02-10 19:16:12'),(213,'魔女宅急便 / 魔女の宅急便',8.5,'https://movie.douban.com/subject/1307811/',NULL,NULL,NULL,'https://img1.doubanio.com/view/photo/s_ratio_poster/public/p1637195618.jpg','2018-02-10 19:16:12','2018-02-10 19:16:12'),(214,'秒速5厘米 / 秒速5センチメートル',8.3,'https://movie.douban.com/subject/2043546/',NULL,NULL,NULL,'https://img3.doubanio.com/view/photo/s_ratio_poster/public/p982896012.jpg','2018-02-10 19:16:12','2018-02-10 19:16:12'),(215,'惊魂记 / Psycho',8.9,'https://movie.douban.com/subject/1293181/',NULL,NULL,NULL,'https://img3.doubanio.com/view/photo/s_ratio_poster/public/p1021883305.jpg','2018-02-10 19:16:12','2018-02-10 19:16:12'),(216,'忠犬八公物语 / ハチ公物語',9,'https://movie.douban.com/subject/1959195/',NULL,NULL,NULL,'https://img3.doubanio.com/view/photo/s_ratio_poster/public/p2297934945.jpg','2018-02-10 19:16:12','2018-02-10 19:16:12'),(217,'再次出发之纽约遇见你 / Begin Again',8.5,'https://movie.douban.com/subject/6874403/',NULL,NULL,NULL,'https://img3.doubanio.com/view/photo/s_ratio_poster/public/p2250287733.jpg','2018-02-10 19:16:12','2018-02-10 19:16:12'),(218,'海盗电台 / The Boat That Rocked',8.6,'https://movie.douban.com/subject/3007773/',NULL,NULL,NULL,'https://img3.doubanio.com/view/photo/s_ratio_poster/public/p769608791.jpg','2018-02-10 19:16:12','2018-02-10 19:16:12'),(219,'青蛇',8.4,'https://movie.douban.com/subject/1303394/',NULL,NULL,NULL,'https://img3.doubanio.com/view/photo/s_ratio_poster/public/p584021784.jpg','2018-02-10 19:16:12','2018-02-10 19:16:12'),(220,'东京物语 / 東京物語',9.2,'https://movie.douban.com/subject/1291568/',NULL,NULL,NULL,'https://img3.doubanio.com/view/photo/s_ratio_poster/public/p1910832390.jpg','2018-02-10 19:16:12','2018-02-10 19:16:12'),(221,'哪吒闹海',8.9,'https://movie.douban.com/subject/1307315/',NULL,NULL,NULL,'https://img1.doubanio.com/view/photo/s_ratio_poster/public/p2163636038.jpg','2018-02-10 19:16:12','2018-02-10 19:16:12'),(222,'绿里奇迹 / The Green Mile',8.7,'https://movie.douban.com/subject/1300374/',NULL,NULL,NULL,'https://img3.doubanio.com/view/photo/s_ratio_poster/public/p767586451.jpg','2018-02-10 19:16:12','2018-02-10 19:16:12'),(223,'末路狂花 / Thelma & Louise',8.7,'https://movie.douban.com/subject/1291992/',NULL,NULL,NULL,'https://img3.doubanio.com/view/photo/s_ratio_poster/public/p794583044.jpg','2018-02-10 19:16:12','2018-02-10 19:16:12'),(224,'勇闯夺命岛 / The Rock',8.5,'https://movie.douban.com/subject/1292728/',NULL,NULL,NULL,'https://img3.doubanio.com/view/photo/s_ratio_poster/public/p636048104.jpg','2018-02-10 19:16:12','2018-02-10 19:16:12'),(225,'终结者2：审判日 / Terminator 2: Judgment Day',8.6,'https://movie.douban.com/subject/1291844/',NULL,NULL,NULL,'https://img3.doubanio.com/view/photo/s_ratio_poster/public/p1910909085.jpg','2018-02-10 19:16:12','2018-02-10 19:16:12'),(226,'猫鼠游戏 / Catch Me If You Can',8.7,'https://movie.douban.com/subject/1305487/',NULL,NULL,NULL,'https://img3.doubanio.com/view/photo/s_ratio_poster/public/p453924541.jpg','2018-02-10 19:16:12','2018-02-10 19:16:12'),(227,'摩登时代 / Modern Times',9.2,'https://movie.douban.com/subject/1294371/',NULL,NULL,NULL,'https://img3.doubanio.com/view/photo/s_ratio_poster/public/p2173707976.jpg','2018-02-10 19:16:12','2018-02-10 19:16:12'),(228,'爱在黎明破晓前 / Before Sunrise',8.7,'https://movie.douban.com/subject/1296339/',NULL,NULL,NULL,'https://img3.doubanio.com/view/photo/s_ratio_poster/public/p452582315.jpg','2018-02-10 19:16:12','2018-02-10 19:16:12'),(229,'阿凡达 / Avatar',8.6,'https://movie.douban.com/subject/1652587/',NULL,NULL,NULL,'https://img1.doubanio.com/view/photo/s_ratio_poster/public/p2180085848.jpg','2018-02-10 19:16:12','2018-02-10 19:16:12'),(230,'穿条纹睡衣的男孩 / The Boy in the Striped Pajamas',8.9,'https://movie.douban.com/subject/3008247/',NULL,NULL,NULL,'https://img3.doubanio.com/view/photo/s_ratio_poster/public/p1473670352.jpg','2018-02-10 19:16:12','2018-02-10 19:16:12'),(231,'风之谷 / 風の谷のナウシカ',8.8,'https://movie.douban.com/subject/1291585/',NULL,NULL,NULL,'https://img3.doubanio.com/view/photo/s_ratio_poster/public/p1917567652.jpg','2018-02-10 19:16:12','2018-02-10 19:16:12'),(232,'爱在日落黄昏时 / Before Sunset',8.7,'https://movie.douban.com/subject/1291990/',NULL,NULL,NULL,'https://img3.doubanio.com/view/photo/s_ratio_poster/public/p1910924055.jpg','2018-02-10 19:16:12','2018-02-10 19:16:12'),(233,'消失的爱人 / Gone Girl',8.7,'https://movie.douban.com/subject/21318488/',NULL,NULL,NULL,'https://img3.doubanio.com/view/photo/s_ratio_poster/public/p2221768894.jpg','2018-02-10 19:16:12','2018-02-10 19:16:12'),(234,'侧耳倾听 / 耳をすませば',8.8,'https://movie.douban.com/subject/1297052/',NULL,NULL,NULL,'https://img3.doubanio.com/view/photo/s_ratio_poster/public/p456692072.jpg','2018-02-10 19:16:12','2018-02-10 19:16:12'),(235,'萤火虫之墓 / 火垂るの墓',8.7,'https://movie.douban.com/subject/1293318/',NULL,NULL,NULL,'https://img1.doubanio.com/view/photo/s_ratio_poster/public/p1157334208.jpg','2018-02-10 19:16:12','2018-02-10 19:16:12'),(236,'超脱 / Detachment',8.8,'https://movie.douban.com/subject/5322596/',NULL,NULL,NULL,'https://img3.doubanio.com/view/photo/s_ratio_poster/public/p1305562621.jpg','2018-02-10 19:16:12','2018-02-10 19:16:12'),(237,'倩女幽魂',8.6,'https://movie.douban.com/subject/1297447/',NULL,NULL,NULL,'https://img3.doubanio.com/view/photo/s_ratio_poster/public/p2414157745.jpg','2018-02-10 19:16:12','2018-02-10 19:16:12'),(238,'驯龙高手 / How to Train Your Dragon',8.7,'https://movie.douban.com/subject/2353023/',NULL,NULL,NULL,'https://img1.doubanio.com/view/photo/s_ratio_poster/public/p450042258.jpg','2018-02-10 19:16:12','2018-02-10 19:16:12'),(239,'红辣椒 / パプリカ',8.9,'https://movie.douban.com/subject/1865703/',NULL,NULL,NULL,'https://img3.doubanio.com/view/photo/s_ratio_poster/public/p672363704.jpg','2018-02-10 19:16:12','2018-02-10 19:16:12'),(240,'恐怖直播 / 더 테러 라이브',8.7,'https://movie.douban.com/subject/21360417/',NULL,NULL,NULL,'https://img3.doubanio.com/view/photo/s_ratio_poster/public/p2016930906.jpg','2018-02-10 19:16:12','2018-02-10 19:16:12'),(241,'菊次郎的夏天 / 菊次郎の夏',8.7,'https://movie.douban.com/subject/1293359/',NULL,NULL,NULL,'https://img3.doubanio.com/view/photo/s_ratio_poster/public/p751835224.jpg','2018-02-10 19:16:12','2018-02-10 19:16:12'),(242,'幸福终点站 / The Terminal',8.6,'https://movie.douban.com/subject/1292274/',NULL,NULL,NULL,'https://img3.doubanio.com/view/photo/s_ratio_poster/public/p792263736.jpg','2018-02-10 19:16:12','2018-02-10 19:16:12'),(243,'岁月神偷 / 歲月神偷',8.6,'https://movie.douban.com/subject/3792799/',NULL,NULL,NULL,'https://img3.doubanio.com/view/photo/s_ratio_poster/public/p456666151.jpg','2018-02-10 19:16:12','2018-02-10 19:16:12'),(244,'七武士 / 七人の侍',9.2,'https://movie.douban.com/subject/1295399/',NULL,NULL,NULL,'https://img3.doubanio.com/view/photo/s_ratio_poster/public/p647099823.jpg','2018-02-10 19:16:12','2018-02-10 19:16:12'),(245,'借东西的小人阿莉埃蒂 / 借りぐらしのアリエッティ',8.7,'https://movie.douban.com/subject/4202302/',NULL,NULL,NULL,'https://img3.doubanio.com/view/photo/s_ratio_poster/public/p617533616.jpg','2018-02-10 19:16:12','2018-02-10 19:16:12'),(246,'神偷奶爸 / Despicable Me',8.5,'https://movie.douban.com/subject/3287562/',NULL,NULL,NULL,'https://img1.doubanio.com/view/photo/s_ratio_poster/public/p792776858.jpg','2018-02-10 19:16:12','2018-02-10 19:16:12'),(247,'海洋 / Océans',9,'https://movie.douban.com/subject/3443389/',NULL,NULL,NULL,'https://img3.doubanio.com/view/photo/s_ratio_poster/public/p497010372.jpg','2018-02-10 19:16:12','2018-02-10 19:16:12'),(248,'真爱至上 / Love Actually',8.5,'https://movie.douban.com/subject/1292401/',NULL,NULL,NULL,'https://img3.doubanio.com/view/photo/s_ratio_poster/public/p475600770.jpg','2018-02-10 19:16:12','2018-02-10 19:16:12'),(249,'杀人回忆 / 살인의 추억',8.6,'https://movie.douban.com/subject/1300299/',NULL,NULL,NULL,'https://img1.doubanio.com/view/photo/s_ratio_poster/public/p480225538.jpg','2018-02-10 19:16:12','2018-02-10 19:16:12'),(250,'电锯惊魂 / Saw',8.7,'https://movie.douban.com/subject/1417598/',NULL,NULL,NULL,'https://img3.doubanio.com/view/photo/s_ratio_poster/public/p2163771304.jpg','2018-02-10 19:16:12','2018-02-10 19:16:12');
/*!40000 ALTER TABLE `Movie` ENABLE KEYS */;
UNLOCK TABLES;

--
-- Table structure for table `Privilege`
--

DROP TABLE IF EXISTS `Privilege`;
/*!40101 SET @saved_cs_client     = @@character_set_client */;
/*!40101 SET character_set_client = utf8 */;
CREATE TABLE `Privilege` (
  `id` bigint(20) NOT NULL AUTO_INCREMENT,
  `name` varchar(32) NOT NULL,
  `createdAt` datetime NOT NULL,
  `updatedAt` datetime NOT NULL,
  PRIMARY KEY (`id`)
) ENGINE=InnoDB AUTO_INCREMENT=4 DEFAULT CHARSET=utf8mb4;
/*!40101 SET character_set_client = @saved_cs_client */;

--
-- Dumping data for table `Privilege`
--

LOCK TABLES `Privilege` WRITE;
/*!40000 ALTER TABLE `Privilege` DISABLE KEYS */;
INSERT INTO `Privilege` VALUES (1,'create_user','2018-02-10 19:16:10','2018-02-10 19:16:10'),(2,'update_user','2018-02-10 19:16:10','2018-02-10 19:16:10'),(3,'delete_user','2018-02-10 19:16:10','2018-02-10 19:16:10');
/*!40000 ALTER TABLE `Privilege` ENABLE KEYS */;
UNLOCK TABLES;

--
-- Table structure for table `Role`
--

DROP TABLE IF EXISTS `Role`;
/*!40101 SET @saved_cs_client     = @@character_set_client */;
/*!40101 SET character_set_client = utf8 */;
CREATE TABLE `Role` (
  `id` bigint(20) NOT NULL AUTO_INCREMENT,
  `name` varchar(32) NOT NULL,
  `desc` varchar(128) DEFAULT NULL,
  `createdAt` datetime NOT NULL,
  `updatedAt` datetime NOT NULL,
  PRIMARY KEY (`id`),
  UNIQUE KEY `role_id_name` (`id`,`name`)
) ENGINE=InnoDB AUTO_INCREMENT=3 DEFAULT CHARSET=utf8mb4;
/*!40101 SET character_set_client = @saved_cs_client */;

--
-- Dumping data for table `Role`
--

LOCK TABLES `Role` WRITE;
/*!40000 ALTER TABLE `Role` DISABLE KEYS */;
INSERT INTO `Role` VALUES (1,'admin',NULL,'2018-02-10 19:16:10','2018-02-10 19:16:10'),(2,'guest',NULL,'2018-02-10 19:16:10','2018-02-10 19:16:10');
/*!40000 ALTER TABLE `Role` ENABLE KEYS */;
UNLOCK TABLES;

--
-- Table structure for table `RolePrivilege`
--

DROP TABLE IF EXISTS `RolePrivilege`;
/*!40101 SET @saved_cs_client     = @@character_set_client */;
/*!40101 SET character_set_client = utf8 */;
CREATE TABLE `RolePrivilege` (
  `RoleId` bigint(20) NOT NULL,
  `PrivilegeId` bigint(20) NOT NULL,
  `createdAt` datetime NOT NULL,
  `updatedAt` datetime NOT NULL,
  PRIMARY KEY (`RoleId`,`PrivilegeId`),
  UNIQUE KEY `RolePrivilege_PrivilegeId_RoleId_unique` (`RoleId`,`PrivilegeId`),
  KEY `PrivilegeId` (`PrivilegeId`),
  KEY `role_privilege__role_id__privilege_id` (`RoleId`,`PrivilegeId`),
  CONSTRAINT `RolePrivilege_ibfk_1` FOREIGN KEY (`RoleId`) REFERENCES `Role` (`id`) ON DELETE CASCADE ON UPDATE CASCADE,
  CONSTRAINT `RolePrivilege_ibfk_2` FOREIGN KEY (`PrivilegeId`) REFERENCES `Privilege` (`id`) ON DELETE CASCADE ON UPDATE CASCADE
) ENGINE=InnoDB DEFAULT CHARSET=utf8mb4;
/*!40101 SET character_set_client = @saved_cs_client */;

--
-- Dumping data for table `RolePrivilege`
--

LOCK TABLES `RolePrivilege` WRITE;
/*!40000 ALTER TABLE `RolePrivilege` DISABLE KEYS */;
INSERT INTO `RolePrivilege` VALUES (1,1,'2018-02-10 19:16:10','2018-02-10 19:16:10'),(1,2,'2018-02-10 19:16:10','2018-02-10 19:16:10'),(1,3,'2018-02-10 19:16:10','2018-02-10 19:16:10'),(2,1,'2018-02-10 19:16:10','2018-02-10 19:16:10'),(2,2,'2018-02-10 19:16:10','2018-02-10 19:16:10'),(2,3,'2018-02-10 19:16:10','2018-02-10 19:16:10');
/*!40000 ALTER TABLE `RolePrivilege` ENABLE KEYS */;
UNLOCK TABLES;

--
-- Table structure for table `SequelizeMeta`
--

DROP TABLE IF EXISTS `SequelizeMeta`;
/*!40101 SET @saved_cs_client     = @@character_set_client */;
/*!40101 SET character_set_client = utf8 */;
CREATE TABLE `SequelizeMeta` (
  `name` varchar(255) COLLATE utf8_unicode_ci NOT NULL,
  PRIMARY KEY (`name`),
  UNIQUE KEY `name` (`name`),
  UNIQUE KEY `SequelizeMeta_name_unique` (`name`)
) ENGINE=InnoDB DEFAULT CHARSET=utf8 COLLATE=utf8_unicode_ci;
/*!40101 SET character_set_client = @saved_cs_client */;

--
-- Dumping data for table `SequelizeMeta`
--

LOCK TABLES `SequelizeMeta` WRITE;
/*!40000 ALTER TABLE `SequelizeMeta` DISABLE KEYS */;
/*!40000 ALTER TABLE `SequelizeMeta` ENABLE KEYS */;
UNLOCK TABLES;

--
-- Table structure for table `User`
--

DROP TABLE IF EXISTS `User`;
/*!40101 SET @saved_cs_client     = @@character_set_client */;
/*!40101 SET character_set_client = utf8 */;
CREATE TABLE `User` (
  `id` bigint(20) NOT NULL AUTO_INCREMENT,
  `email` varchar(255) DEFAULT NULL,
  `name` varchar(255) NOT NULL,
  `phone` varchar(11) NOT NULL,
  `password` varchar(255) NOT NULL,
  `createdAt` datetime NOT NULL,
  `updatedAt` datetime NOT NULL,
  PRIMARY KEY (`id`),
  UNIQUE KEY `user_phone` (`phone`)
) ENGINE=InnoDB AUTO_INCREMENT=3 DEFAULT CHARSET=utf8mb4;
/*!40101 SET character_set_client = @saved_cs_client */;

--
-- Dumping data for table `User`
--

LOCK TABLES `User` WRITE;
/*!40000 ALTER TABLE `User` DISABLE KEYS */;
INSERT INTO `User` VALUES (1,'root@root.com','root','11111111111','jGl25bVBBBW96Qi9Te4V37Fnqchz/Eu4qB9vKrRIqRg=','2018-02-10 19:16:09','2018-02-10 19:16:09'),(2,'test@test.com','test','11111111112','n4bQgYhMfWWaL+qgxVrQFaO/TxsrC4Is0V1sFbDwCgg=','2018-02-10 19:16:09','2018-02-10 19:16:09');
/*!40000 ALTER TABLE `User` ENABLE KEYS */;
UNLOCK TABLES;

--
-- Table structure for table `UserRole`
--

DROP TABLE IF EXISTS `UserRole`;
/*!40101 SET @saved_cs_client     = @@character_set_client */;
/*!40101 SET character_set_client = utf8 */;
CREATE TABLE `UserRole` (
  `UserId` bigint(20) NOT NULL,
  `RoleId` bigint(20) NOT NULL,
  `createdAt` datetime NOT NULL,
  `updatedAt` datetime NOT NULL,
  PRIMARY KEY (`UserId`,`RoleId`),
  UNIQUE KEY `UserRole_RoleId_UserId_unique` (`UserId`,`RoleId`),
  KEY `RoleId` (`RoleId`),
  KEY `user_role__user_id__role_id` (`UserId`,`RoleId`),
  CONSTRAINT `UserRole_ibfk_1` FOREIGN KEY (`UserId`) REFERENCES `User` (`id`) ON DELETE CASCADE ON UPDATE CASCADE,
  CONSTRAINT `UserRole_ibfk_2` FOREIGN KEY (`RoleId`) REFERENCES `Role` (`id`) ON DELETE CASCADE ON UPDATE CASCADE
) ENGINE=InnoDB DEFAULT CHARSET=utf8mb4;
/*!40101 SET character_set_client = @saved_cs_client */;

--
-- Dumping data for table `UserRole`
--

LOCK TABLES `UserRole` WRITE;
/*!40000 ALTER TABLE `UserRole` DISABLE KEYS */;
INSERT INTO `UserRole` VALUES (1,1,'2018-02-10 19:16:10','2018-02-10 19:16:10'),(1,2,'2018-02-10 19:16:10','2018-02-10 19:16:10'),(2,1,'2018-02-10 19:16:10','2018-02-10 19:16:10'),(2,2,'2018-02-10 19:16:10','2018-02-10 19:16:10');
/*!40000 ALTER TABLE `UserRole` ENABLE KEYS */;
UNLOCK TABLES;
/*!40103 SET TIME_ZONE=@OLD_TIME_ZONE */;

/*!40101 SET SQL_MODE=@OLD_SQL_MODE */;
/*!40014 SET FOREIGN_KEY_CHECKS=@OLD_FOREIGN_KEY_CHECKS */;
/*!40014 SET UNIQUE_CHECKS=@OLD_UNIQUE_CHECKS */;
/*!40101 SET CHARACTER_SET_CLIENT=@OLD_CHARACTER_SET_CLIENT */;
/*!40101 SET CHARACTER_SET_RESULTS=@OLD_CHARACTER_SET_RESULTS */;
/*!40101 SET COLLATION_CONNECTION=@OLD_COLLATION_CONNECTION */;
/*!40111 SET SQL_NOTES=@OLD_SQL_NOTES */;

-- Dump completed on 2018-02-10 19:16:17
